"1","101","Custom Cabinet Upgrade","900.00"
"2","102","Accent Wall Package","450.00"
"3","103","Closet Organization Add-on","600.00"
"4","104","Ergonomic Workspace Upgrade","750.00"
"5","105","Premium Fixture Upgrade","1100.00"
"6","106","Designer Centerpiece Package","350.00"
"7","107","Outdoor Patio Styling","1800.00"
"8","108","Smart Lighting Automation","950.00"
"9","109","Storage Optimization Package","700.00"
"10","110","Imported Decor Collection","2200.00"
"11","101","New Tables","220.00"
"101","Sarah","Lee"
"102","Michael","Brown"
"103","Jessica","Taylor"
"104","David","Wilson"
"105","Emily","Clark"
"106","Daniel","Hall"
"107","Sophia","Young"
"108","James","Allen"
"109","Olivia","King"
"110","William","Scott"
"111","Brian","Morris"
"236","LeBron","James"
"101","10","Main St","Newark","NJ","07102","973-111-1111"
"102","25","Oak Ave","Jersey City","NJ","07302","201-222-2222"
"103","88","River Rd","Hoboken","NJ","07030","551-333-3333"
"104","14","Maple Dr","Elizabeth","NJ","07201","908-444-4444"
"105","77","Broad St","Paterson","NJ","07501","973-555-5555"
"106","50","Park Ave","Clifton","NJ","07011","973-666-6666"
"107","33","Lakeview Rd","Edison","NJ","08817","732-777-7777"
"108","90","Washington St","Union","NJ","07083","908-888-8888"
"109","18","Center Ave","Wayne","NJ","07470","973-999-9999"
"110","61","Highland Rd","Bloomfield","NJ","07003","973-101-1010"
"236","122","Any Street","Los Angeles","CA","01928","888-233-6806"
"012","Ava","Young","+J1st","111-222-3333 ext012","ava@ll.com"
"123","John","Smith","@A1bc","123-456-7890 ext123","john@ll.com"
"234","Mary","Jones","#B2cd","222-333-4444 ext234","mary@ll.com"
"345","Alex","Brown","$C3ef","333-444-5555 ext345","alex@ll.com"
"456","Lisa","White","%D4gh","444-555-6666 ext456","lisa@ll.com"
"567","Mark","Taylor","&E5ij","555-666-7777 ext567","mark@ll.com"
"678","Emma","Davis","*F6kl","666-777-8888 ext678","emma@ll.com"
"789","Ryan","Clark","!G7mn","777-888-9999 ext789","ryan@ll.com"
"890","Olivia","Hall","^H8op","888-999-0000 ext890","olivia@ll.com"
"901","Noah","Allen","?I9qr","999-000-1111 ext901","noah@ll.com"
"123","101"
"901","101"
"012","102"
"123","102"
"234","103"
"234","104"
"345","105"
"456","106"
"567","107"
"678","108"
"789","109"
"890","110"
"123","111"
"123","236"
"1","101","Kitchen Remodel","3500.00"
"2","102","Living Room Redesign","2200.00"
"3","103","Bedroom Makeover","1800.00"
"4","104","Office Interior Design","2600.00"
"5","105","Bathroom Upgrade","3100.00"
"6","106","Dining Room Styling","1950.00"
"7","107","Full Home Consultation","5000.00"
"8","108","Lighting Design Plan","1450.00"
"9","109","Modern Apartment Setup","2750.00"
"10","110","Luxury Condo Decor","4200.00"
"Jim","Bob","123456789","202 Example Ave","McDonalds"
"Jessie","James","987654321","99 Rocket Street","Red Rocket Enterprises"
"Remy","LeBeau","190473201","97 Academy Avenue","Las Vegas Guild"
"Anna","Marie","286902178","99 Academy Avenue","Powers Enterprises"
"Tony","Stark","999999999","1 Stark Avenue","Stark Enterprises"
"Tandy","Bowen","274991029","10 Yancy Street","Duo Dance Studio"
"5001","123","101","2026-05-01","10:00:00"
"5002","123","102","2026-05-03","11:30:00"
"5003","234","103","2026-05-05","09:00:00"
"5004","234","104","2026-05-06","01:00:00"
"5005","345","105","2026-05-08","02:30:00"
"5006","456","106","2026-05-10","12:00:00"
"5007","567","107","2026-05-12","03:00:00"
"5008","678","108","2026-05-14","10:30:00"
"5009","789","109","2026-05-16","11:00:00"
"5010","890","110","2026-05-18","01:30:00"
"Al","Horford","20","5.8"
"Brandin","Podziemski","2","12.5"
"Buddy","Hield","7","7.5"
"Draymond","Green","23","8.3"
"Jimmy","Butler","10","19.5"
"Jonathan ","Kuminga","1","13.1"
"Moses","Moody","4","11.7"
"Seth","Curry","31","14"
"Stephen","Curry","30","27.9"
"Trayce","Jackson-Davis","32","4.4"
